Date,Headline,Source,URL
2025-03-21,Cryptocurrency adoption grows in India despite regulatory concerns,Moneycontrol,https://cook.com/
2025-03-18,Cryptocurrency adoption grows in India despite regulatory concerns,Moneycontrol,https://davidson.biz/
2025-03-19,Sensex rallies 500 points as IT stocks gain,Moneycontrol,https://barnes.net/
2025-03-21,Sensex rallies 500 points as IT stocks gain,Business Standard,https://taylor.com/
2025-03-20,Indian Rupee recovers against USD after RBI intervention,ET Markets,https://www.adkins.org/
2025-03-21,Gold prices hit record high amid global uncertainty,ET Markets,https://johnson.com/
2025-03-20,RBI hints at no rate cuts until inflation stabilizes,Business Standard,http://www.reynolds.info/
2025-03-22,Gold prices hit record high amid global uncertainty,Business Standard,http://smith.org/
2025-03-19,"Nifty 50 touches all-time high, analysts remain cautious",ET Markets,https://jordan.com/
2025-03-22,Sensex rallies 500 points as IT stocks gain,Business Standard,https://ball-harvey.org/
2025-03-20,Foreign investors pump $2 billion into Indian markets,ET Markets,http://www.sanford-bennett.org/
2025-03-18,Banking sector remains strong despite global slowdown fears,Business Standard,http://www.sanchez-luna.com/
2025-03-21,Sensex rallies 500 points as IT stocks gain,Business Standard,http://young-ross.com/
2025-03-19,Indian Rupee recovers against USD after RBI intervention,ET Markets,http://www.schmidt.com/
2025-03-20,Cryptocurrency adoption grows in India despite regulatory concerns,Moneycontrol,https://www.webb.com/
2025-03-19,RBI hints at no rate cuts until inflation stabilizes,Business Standard,http://villarreal-ellis.biz/
2025-03-22,Foreign investors pump $2 billion into Indian markets,Moneycontrol,http://rodriguez.com/
2025-03-20,Gold prices hit record high amid global uncertainty,LiveMint,http://peterson.com/
2025-03-22,Government to boost infra spending in upcoming fiscal year,Business Standard,http://www.weiss.com/
2025-03-20,Indian Rupee recovers against USD after RBI intervention,Business Standard,https://www.dean-walker.net/
2025-03-22,Banking sector remains strong despite global slowdown fears,Moneycontrol,http://jones.com/
2025-03-19,RBI hints at no rate cuts until inflation stabilizes,Business Standard,http://www.nguyen-deleon.info/
2025-03-22,Banking sector remains strong despite global slowdown fears,LiveMint,http://rios-rodriguez.net/
2025-03-20,Stock market volatility increases ahead of budget announcement,Business Standard,https://hawkins.com/
2025-03-18,Stock market volatility increases ahead of budget announcement,Moneycontrol,http://perez-osborn.com/
2025-03-22,Banking sector remains strong despite global slowdown fears,ET Markets,http://dyer.info/
2025-03-18,Cryptocurrency adoption grows in India despite regulatory concerns,ET Markets,http://jimenez.com/
2025-03-20,Government to boost infra spending in upcoming fiscal year,LiveMint,https://www.zamora.info/
2025-03-20,"Nifty 50 touches all-time high, analysts remain cautious",Business Standard,http://monroe.com/
2025-03-22,Gold prices hit record high amid global uncertainty,Business Standard,http://www.hill.com/
2025-03-19,Government to boost infra spending in upcoming fiscal year,ET Markets,http://cortez.com/
2025-03-21,Government to boost infra spending in upcoming fiscal year,LiveMint,http://white.biz/
2025-03-22,Foreign investors pump $2 billion into Indian markets,ET Markets,http://patel.com/
2025-03-20,Gold prices hit record high amid global uncertainty,ET Markets,https://ford.com/
2025-03-20,Indian Rupee recovers against USD after RBI intervention,ET Markets,https://jones-contreras.com/
2025-03-22,Sensex rallies 500 points as IT stocks gain,Business Standard,http://www.small-villarreal.info/
2025-03-19,Sensex rallies 500 points as IT stocks gain,Business Standard,https://stanton.com/
2025-03-22,Cryptocurrency adoption grows in India despite regulatory concerns,Business Standard,https://green.biz/
2025-03-21,Banking sector remains strong despite global slowdown fears,Business Standard,https://www.matthews.com/
2025-03-20,Banking sector remains strong despite global slowdown fears,Moneycontrol,http://brown.com/
2025-03-19,Gold prices hit record high amid global uncertainty,LiveMint,https://white.info/
2025-03-21,Banking sector remains strong despite global slowdown fears,ET Markets,https://www.sherman-ramirez.info/
2025-03-19,RBI hints at no rate cuts until inflation stabilizes,ET Markets,http://diaz.info/
2025-03-19,Banking sector remains strong despite global slowdown fears,LiveMint,https://www.romero-gonzalez.com/
2025-03-18,Sensex rallies 500 points as IT stocks gain,LiveMint,http://www.schroeder-torres.net/
2025-03-20,Sensex rallies 500 points as IT stocks gain,ET Markets,http://barnes-gregory.info/
2025-03-21,Cryptocurrency adoption grows in India despite regulatory concerns,ET Markets,https://www.gonzalez-greer.net/
2025-03-19,Gold prices hit record high amid global uncertainty,Moneycontrol,https://long.com/
2025-03-22,Sensex rallies 500 points as IT stocks gain,Moneycontrol,https://thomas.com/
2025-03-19,Foreign investors pump $2 billion into Indian markets,Business Standard,http://harper.com/
